id,email,first_name,last_name,created_at,country,state
1,user1@example.com,Diana,Smith,2026-01-24T23:55:52.376062,CA,NY
2,user2@example.com,Jane,Johnson,2025-12-15T23:55:52.376112,FR,CA
3,user3@example.com,Charlie,Brown,2026-01-20T23:55:52.376144,US,CA
4,user4@example.com,Jane,Johnson,2025-05-23T23:55:52.376172,FR,CA
5,user5@example.com,Charlie,Johnson,2025-03-10T23:55:52.376195,FR,FL
6,user6@example.com,Jane,Brown,2025-04-10T23:55:52.376208,CA,OH
7,user7@example.com,John,Johnson,2025-02-13T23:55:52.376225,DE,TX
8,user8@example.com,Bob,Johnson,2025-10-18T23:55:52.376239,CA,CA
9,user9@example.com,John,Brown,2025-12-18T23:55:52.376259,CA,OH
10,user10@example.com,Bob,Jones,2025-09-23T23:55:52.376277,US,PA
11,user11@example.com,Alice,Jones,2025-12-04T23:55:52.376297,DE,CA
12,user12@example.com,Charlie,Williams,2025-03-21T23:55:52.376312,FR,OH
13,user13@example.com,Bob,Jones,2025-10-30T23:55:52.376326,US,CA
14,user14@example.com,Diana,Johnson,2025-09-10T23:55:52.376338,US,OH
15,user15@example.com,Jane,Smith,2025-07-26T23:55:52.376356,CA,FL
16,user16@example.com,Diana,Williams,2025-11-14T23:55:52.376371,CA,TX
17,user17@example.com,Jane,Williams,2025-02-11T23:55:52.376380,US,IL
18,user18@example.com,Diana,Johnson,2025-05-08T23:55:52.376390,UK,NY
19,user19@example.com,Alice,Brown,2025-09-20T23:55:52.376399,FR,NY
20,user20@example.com,Diana,Williams,2026-01-08T23:55:52.376408,UK,OH
21,user21@example.com,John,Williams,2025-07-15T23:55:52.376418,CA,CA
22,user22@example.com,Jane,Jones,2025-08-28T23:55:52.376427,UK,PA
23,user23@example.com,Alice,Brown,2025-03-13T23:55:52.376436,DE,NY
24,user24@example.com,Bob,Johnson,2025-10-02T23:55:52.376445,FR,IL
25,user25@example.com,Bob,Jones,2025-07-01T23:55:52.376454,FR,FL
26,user26@example.com,Bob,Johnson,2025-11-27T23:55:52.376463,FR,FL
27,user27@example.com,John,Smith,2025-12-11T23:55:52.376472,UK,PA
28,user28@example.com,Jane,Brown,2025-04-06T23:55:52.376494,US,FL
29,user29@example.com,Alice,Jones,2025-06-11T23:55:52.376503,FR,TX
30,user30@example.com,Charlie,Smith,2025-02-22T23:55:52.376512,US,PA
31,user31@example.com,Charlie,Williams,2025-03-14T23:55:52.376521,CA,CA
32,user32@example.com,Bob,Brown,2025-11-17T23:55:52.376531,DE,CA
33,user33@example.com,Diana,Williams,2025-05-25T23:55:52.376540,UK,IL
34,user34@example.com,John,Williams,2025-03-15T23:55:52.376550,FR,IL
35,user35@example.com,Jane,Johnson,2025-07-29T23:55:52.376559,UK,IL
36,user36@example.com,Charlie,Smith,2025-04-05T23:55:52.376568,CA,FL
37,user37@example.com,John,Smith,2025-08-04T23:55:52.376576,CA,NY
38,user38@example.com,John,Johnson,2025-04-21T23:55:52.376585,US,CA
39,user39@example.com,Diana,Brown,2026-01-01T23:55:52.376594,FR,OH
40,user40@example.com,Jane,Johnson,2025-03-05T23:55:52.376602,DE,IL
41,user41@example.com,Jane,Williams,2025-05-11T23:55:52.376611,FR,FL
42,user42@example.com,Jane,Jones,2025-02-17T23:55:52.376620,UK,PA
43,user43@example.com,Bob,Brown,2025-02-27T23:55:52.376629,CA,FL
44,user44@example.com,Charlie,Brown,2025-12-06T23:55:52.376638,UK,NY
45,user45@example.com,John,Williams,2026-01-26T23:55:52.376646,FR,IL
46,user46@example.com,Jane,Jones,2025-10-16T23:55:52.376654,US,CA
47,user47@example.com,Diana,Smith,2025-10-11T23:55:52.376663,US,CA
48,user48@example.com,Bob,Smith,2025-05-18T23:55:52.376674,UK,TX
49,user49@example.com,Diana,Brown,2025-10-19T23:55:52.376682,FR,NY
50,user50@example.com,Diana,Jones,2025-04-16T23:55:52.376691,DE,NY
51,user51@example.com,Alice,Brown,2025-10-31T23:55:52.376702,US,CA
52,user52@example.com,Diana,Brown,2025-08-08T23:55:52.376710,DE,FL
53,user53@example.com,Alice,Smith,2025-02-26T23:55:52.376719,US,CA
54,user54@example.com,Alice,Williams,2025-12-12T23:55:52.376728,UK,NY
55,user55@example.com,Jane,Jones,2025-06-21T23:55:52.376737,UK,FL
56,user56@example.com,Jane,Williams,2025-06-14T23:55:52.376745,UK,OH
57,user57@example.com,John,Brown,2025-04-30T23:55:52.376753,US,CA
58,user58@example.com,Diana,Jones,2026-01-29T23:55:52.376765,US,OH
59,user59@example.com,Jane,Johnson,2025-07-12T23:55:52.376774,DE,FL
60,user60@example.com,Jane,Brown,2026-01-06T23:55:52.376783,UK,FL
61,user61@example.com,John,Brown,2025-09-23T23:55:52.376809,DE,TX
62,user62@example.com,Alice,Jones,2025-03-04T23:55:52.376839,DE,NY
63,user63@example.com,Jane,Williams,2025-10-17T23:55:52.376848,US,IL
64,user64@example.com,Diana,Jones,2026-01-05T23:55:52.376856,CA,CA
65,user65@example.com,John,Jones,2025-06-06T23:55:52.376865,FR,OH
66,user66@example.com,Charlie,Johnson,2026-01-07T23:55:52.376875,FR,CA
67,user67@example.com,Jane,Smith,2025-04-07T23:55:52.376884,US,PA
68,user68@example.com,Jane,Brown,2025-12-06T23:55:52.376892,FR,NY
69,user69@example.com,Charlie,Jones,2026-01-16T23:55:52.376901,FR,CA
70,user70@example.com,Alice,Jones,2025-04-22T23:55:52.376910,FR,TX
71,user71@example.com,Bob,Johnson,2025-02-28T23:55:52.376921,CA,NY
72,user72@example.com,Bob,Brown,2025-11-30T23:55:52.376930,CA,FL
73,user73@example.com,Bob,Smith,2026-02-01T23:55:52.376939,DE,IL
74,user74@example.com,Charlie,Smith,2025-12-30T23:55:52.376947,FR,NY
75,user75@example.com,Charlie,Williams,2025-11-30T23:55:52.376955,CA,CA
76,user76@example.com,Jane,Williams,2025-09-13T23:55:52.376964,UK,FL
77,user77@example.com,Charlie,Williams,2025-03-29T23:55:52.376973,FR,CA
78,user78@example.com,Diana,Jones,2025-09-05T23:55:52.376983,US,NY
79,user79@example.com,Bob,Smith,2025-12-13T23:55:52.376992,FR,NY
80,user80@example.com,Bob,Williams,2025-04-02T23:55:52.377003,UK,PA
81,user81@example.com,Bob,Johnson,2025-02-19T23:55:52.377012,CA,IL
82,user82@example.com,Alice,Williams,2026-01-10T23:55:52.377021,US,PA
83,user83@example.com,Alice,Williams,2026-01-14T23:55:52.377030,US,TX
84,user84@example.com,Jane,Williams,2025-11-15T23:55:52.377038,DE,IL
85,user85@example.com,Diana,Brown,2025-04-24T23:55:52.377047,US,CA
86,user86@example.com,John,Johnson,2025-05-02T23:55:52.377056,US,OH
87,user87@example.com,Bob,Jones,2025-04-29T23:55:52.377064,UK,FL
88,user88@example.com,Jane,Smith,2025-09-01T23:55:52.377073,CA,OH
89,user89@example.com,John,Williams,2025-10-21T23:55:52.377082,UK,PA
90,user90@example.com,John,Williams,2025-04-25T23:55:52.377093,DE,IL
91,user91@example.com,Diana,Johnson,2025-10-07T23:55:52.377102,UK,OH
92,user92@example.com,Jane,Brown,2026-01-24T23:55:52.377112,UK,PA
93,user93@example.com,Bob,Brown,2025-02-28T23:55:52.377121,UK,TX
94,user94@example.com,Jane,Smith,2025-07-25T23:55:52.377131,US,OH
95,user95@example.com,Alice,Johnson,2025-10-26T23:55:52.377139,DE,TX
96,user96@example.com,Bob,Johnson,2025-10-14T23:55:52.377148,US,PA
97,user97@example.com,Jane,Brown,2025-08-21T23:55:52.377157,CA,OH
98,user98@example.com,John,Williams,2025-08-10T23:55:52.377165,FR,FL
99,user99@example.com,Diana,Jones,2025-08-20T23:55:52.377174,US,CA
100,user100@example.com,Bob,Johnson,2025-04-14T23:55:52.377183,CA,CA
101,user101@example.com,John,Jones,2025-06-28T23:55:52.377192,CA,PA
102,user102@example.com,Bob,Brown,2025-04-01T23:55:52.377200,FR,CA
103,user103@example.com,Alice,Jones,2025-10-31T23:55:52.377209,CA,CA
104,user104@example.com,Diana,Brown,2026-02-05T23:55:52.377217,FR,OH
105,user105@example.com,Charlie,Johnson,2025-08-03T23:55:52.377227,DE,CA
106,user106@example.com,Diana,Williams,2025-03-23T23:55:52.377236,CA,PA
107,user107@example.com,John,Williams,2025-05-22T23:55:52.377245,CA,PA
108,user108@example.com,Alice,Williams,2025-07-14T23:55:52.377253,CA,IL
109,user109@example.com,Jane,Johnson,2025-07-05T23:55:52.377262,DE,PA
110,user110@example.com,Diana,Johnson,2025-03-27T23:55:52.377275,FR,TX
111,user111@example.com,Alice,Jones,2026-02-05T23:55:52.377284,CA,TX
112,user112@example.com,Jane,Brown,2025-04-15T23:55:52.377295,FR,PA
113,user113@example.com,Bob,Brown,2025-06-24T23:55:52.377303,DE,PA
114,user114@example.com,Jane,Jones,2025-06-08T23:55:52.377312,UK,PA
115,user115@example.com,John,Williams,2025-05-18T23:55:52.377321,FR,TX
116,user116@example.com,John,Johnson,2025-02-26T23:55:52.377330,CA,NY
117,user117@example.com,Jane,Johnson,2026-01-24T23:55:52.377339,US,NY
118,user118@example.com,Alice,Jones,2025-12-30T23:55:52.377347,DE,FL
119,user119@example.com,Diana,Jones,2025-10-29T23:55:52.377356,DE,FL
120,user120@example.com,Alice,Johnson,2025-11-22T23:55:52.377364,US,OH
121,user121@example.com,John,Brown,2025-10-16T23:55:52.377374,UK,OH
122,user122@example.com,Diana,Jones,2025-06-13T23:55:52.377383,US,IL
123,user123@example.com,Jane,Smith,2025-06-17T23:55:52.377391,UK,OH
124,user124@example.com,Alice,Jones,2025-04-25T23:55:52.377400,FR,TX
125,user125@example.com,Alice,Jones,2025-05-23T23:55:52.377409,DE,OH
126,user126@example.com,Charlie,Brown,2025-11-16T23:55:52.377418,DE,FL
127,user127@example.com,Bob,Johnson,2025-03-16T23:55:52.377427,CA,OH
128,user128@example.com,Charlie,Brown,2025-03-22T23:55:52.377435,UK,TX
129,user129@example.com,Alice,Smith,2025-02-05T23:55:52.377446,CA,NY
130,user130@example.com,Bob,Williams,2025-08-26T23:55:52.377455,FR,CA
131,user131@example.com,Jane,Johnson,2025-10-10T23:55:52.377464,DE,PA
132,user132@example.com,Jane,Johnson,2026-01-04T23:55:52.377472,DE,FL
133,user133@example.com,Bob,Jones,2025-06-12T23:55:52.377480,DE,CA
134,user134@example.com,Jane,Brown,2025-07-21T23:55:52.377489,FR,PA
135,user135@example.com,John,Jones,2025-07-26T23:55:52.377498,DE,CA
136,user136@example.com,Bob,Williams,2025-07-21T23:55:52.377506,DE,IL
137,user137@example.com,Diana,Jones,2025-04-03T23:55:52.377516,UK,FL
138,user138@example.com,Jane,Williams,2025-06-27T23:55:52.377524,DE,CA
139,user139@example.com,Alice,Williams,2025-02-28T23:55:52.377533,DE,PA
140,user140@example.com,Jane,Brown,2025-12-02T23:55:52.377542,FR,IL
141,user141@example.com,John,Brown,2025-04-08T23:55:52.377550,FR,PA
142,user142@example.com,John,Smith,2025-03-13T23:55:52.377559,DE,NY
143,user143@example.com,Alice,Johnson,2026-01-11T23:55:52.377569,CA,FL
144,user144@example.com,Bob,Johnson,2025-06-18T23:55:52.377578,CA,TX
145,user145@example.com,Alice,Williams,2025-07-05T23:55:52.377586,CA,OH
146,user146@example.com,John,Brown,2026-01-27T23:55:52.377595,FR,CA
147,user147@example.com,Bob,Johnson,2025-03-10T23:55:52.377604,US,OH
148,user148@example.com,Diana,Smith,2026-01-21T23:55:52.377613,UK,NY
149,user149@example.com,John,Jones,2025-11-19T23:55:52.377624,UK,NY
150,user150@example.com,Alice,Smith,2025-04-23T23:55:52.377633,UK,FL
151,user151@example.com,Diana,Williams,2025-08-01T23:55:52.377641,UK,IL
152,user152@example.com,Charlie,Smith,2025-11-14T23:55:52.377650,CA,CA
153,user153@example.com,Charlie,Smith,2025-08-30T23:55:52.377659,FR,PA
154,user154@example.com,Alice,Brown,2025-10-27T23:55:52.377668,US,IL
155,user155@example.com,Diana,Johnson,2025-12-15T23:55:52.377677,CA,OH
156,user156@example.com,Diana,Jones,2025-12-06T23:55:52.377685,FR,OH
157,user157@example.com,John,Williams,2025-05-09T23:55:52.377694,DE,PA
158,user158@example.com,Bob,Smith,2025-05-22T23:55:52.377702,CA,CA
159,user159@example.com,Alice,Brown,2025-12-13T23:55:52.377711,DE,TX
160,user160@example.com,Diana,Brown,2025-02-08T23:55:52.377722,UK,FL
161,user161@example.com,Jane,Jones,2025-03-09T23:55:52.377731,CA,IL
162,user162@example.com,Charlie,Brown,2025-06-12T23:55:52.377740,DE,OH
163,user163@example.com,Diana,Jones,2025-09-21T23:55:52.377748,CA,OH
164,user164@example.com,Jane,Smith,2025-09-16T23:55:52.377757,DE,NY
165,user165@example.com,Alice,Jones,2025-03-30T23:55:52.377765,DE,TX
166,user166@example.com,John,Brown,2025-08-23T23:55:52.377774,UK,FL
167,user167@example.com,Jane,Williams,2025-09-26T23:55:52.377782,CA,TX
168,user168@example.com,Charlie,Williams,2025-04-27T23:55:52.377814,US,IL
169,user169@example.com,Jane,Smith,2025-10-05T23:55:52.377831,DE,FL
170,user170@example.com,Charlie,Johnson,2025-02-17T23:55:52.377868,DE,PA
171,user171@example.com,Diana,Brown,2025-06-21T23:55:52.377887,US,CA
172,user172@example.com,Bob,Johnson,2025-07-13T23:55:52.377901,UK,TX
173,user173@example.com,Diana,Jones,2025-08-01T23:55:52.377915,DE,IL
174,user174@example.com,Charlie,Williams,2025-07-03T23:55:52.377936,FR,TX
175,user175@example.com,Bob,Brown,2025-09-20T23:55:52.377951,CA,TX
176,user176@example.com,Jane,Smith,2025-10-30T23:55:52.377960,CA,CA
177,user177@example.com,Diana,Jones,2025-02-17T23:55:52.377970,UK,NY
178,user178@example.com,Jane,Brown,2025-09-17T23:55:52.377979,FR,OH
179,user179@example.com,Charlie,Jones,2025-09-14T23:55:52.377988,US,OH
180,user180@example.com,Jane,Williams,2025-10-12T23:55:52.377997,CA,NY
181,user181@example.com,Bob,Smith,2025-02-08T23:55:52.378005,FR,NY
182,user182@example.com,Bob,Smith,2026-01-09T23:55:52.378014,FR,TX
183,user183@example.com,Diana,Johnson,2025-03-16T23:55:52.378023,DE,CA
184,user184@example.com,John,Jones,2025-09-13T23:55:52.378032,DE,FL
185,user185@example.com,Alice,Williams,2025-11-03T23:55:52.378054,US,TX
186,user186@example.com,Alice,Smith,2026-01-03T23:55:52.378063,DE,FL
187,user187@example.com,John,Jones,2025-03-20T23:55:52.378071,US,NY
188,user188@example.com,Jane,Jones,2025-09-03T23:55:52.378082,US,NY
189,user189@example.com,John,Jones,2025-07-07T23:55:52.378091,FR,IL
190,user190@example.com,Charlie,Johnson,2025-05-14T23:55:52.378100,DE,FL
191,user191@example.com,Alice,Williams,2025-04-10T23:55:52.378109,DE,TX
192,user192@example.com,Charlie,Jones,2026-01-06T23:55:52.378117,FR,PA
193,user193@example.com,John,Johnson,2025-03-22T23:55:52.378126,UK,TX
194,user194@example.com,Diana,Smith,2025-11-17T23:55:52.378134,UK,NY
195,user195@example.com,Charlie,Smith,2025-11-17T23:55:52.378143,US,FL
196,user196@example.com,Alice,Jones,2025-06-10T23:55:52.378151,CA,CA
197,user197@example.com,Jane,Williams,2025-02-09T23:55:52.378159,CA,PA
198,user198@example.com,Alice,Smith,2025-02-19T23:55:52.378168,UK,TX
199,user199@example.com,Diana,Jones,2025-03-04T23:55:52.378177,UK,FL
200,user200@example.com,John,Jones,2025-10-13T23:55:52.378186,UK,TX
201,user201@example.com,Jane,Smith,2026-01-06T23:55:52.378194,UK,OH
202,user202@example.com,Bob,Jones,2025-04-20T23:55:52.378203,CA,FL
203,user203@example.com,John,Brown,2025-02-18T23:55:52.378212,CA,PA
204,user204@example.com,Alice,Williams,2025-05-25T23:55:52.378221,FR,FL
205,user205@example.com,Alice,Smith,2025-04-05T23:55:52.378229,US,FL
206,user206@example.com,Diana,Williams,2025-04-02T23:55:52.378238,CA,CA
207,user207@example.com,John,Johnson,2025-02-25T23:55:52.378251,FR,IL
208,user208@example.com,John,Williams,2025-04-16T23:55:52.378261,US,OH
209,user209@example.com,Jane,Brown,2025-05-16T23:55:52.378269,DE,TX
210,user210@example.com,Jane,Jones,2025-06-27T23:55:52.378278,DE,CA
211,user211@example.com,Alice,Williams,2025-07-11T23:55:52.378289,CA,TX
212,user212@example.com,Diana,Smith,2025-11-15T23:55:52.378298,CA,FL
213,user213@example.com,Diana,Brown,2025-09-11T23:55:52.378306,DE,OH
214,user214@example.com,Charlie,Smith,2025-06-18T23:55:52.378315,US,TX
215,user215@example.com,Bob,Williams,2025-12-08T23:55:52.378323,DE,OH
216,user216@example.com,Charlie,Smith,2025-03-06T23:55:52.378332,FR,FL
217,user217@example.com,Alice,Smith,2025-11-01T23:55:52.378341,FR,TX
218,user218@example.com,Charlie,Brown,2025-03-22T23:55:52.378349,DE,OH
219,user219@example.com,John,Johnson,2025-09-22T23:55:52.378358,FR,NY
220,user220@example.com,Bob,Brown,2025-02-13T23:55:52.378366,DE,CA
221,user221@example.com,John,Jones,2025-10-06T23:55:52.378375,UK,TX
222,user222@example.com,Charlie,Smith,2025-04-29T23:55:52.378384,DE,CA
223,user223@example.com,Jane,Smith,2025-06-14T23:55:52.378392,US,PA
224,user224@example.com,Jane,Brown,2025-09-09T23:55:52.378401,FR,PA
225,user225@example.com,Bob,Brown,2025-06-03T23:55:52.378410,DE,NY
226,user226@example.com,Alice,Jones,2025-11-23T23:55:52.378418,DE,NY
227,user227@example.com,Charlie,Jones,2025-11-28T23:55:52.378439,US,TX
228,user228@example.com,Alice,Williams,2025-05-22T23:55:52.378449,CA,OH
229,user229@example.com,John,Williams,2025-09-06T23:55:52.378458,FR,IL
230,user230@example.com,Diana,Brown,2025-11-21T23:55:52.378466,DE,IL
231,user231@example.com,Alice,Williams,2025-08-19T23:55:52.378475,FR,OH
232,user232@example.com,Charlie,Brown,2025-06-17T23:55:52.378483,CA,OH
233,user233@example.com,Jane,Johnson,2025-04-19T23:55:52.378492,DE,NY
234,user234@example.com,Alice,Smith,2025-08-27T23:55:52.378502,DE,PA
235,user235@example.com,Alice,Brown,2025-03-03T23:55:52.378511,UK,FL
236,user236@example.com,John,Johnson,2025-05-24T23:55:52.378520,FR,TX
237,user237@example.com,John,Brown,2025-12-16T23:55:52.378529,FR,FL
238,user238@example.com,John,Johnson,2025-07-11T23:55:52.378537,UK,CA
239,user239@example.com,Alice,Williams,2025-08-16T23:55:52.378549,FR,PA
240,user240@example.com,Alice,Smith,2025-08-21T23:55:52.378558,FR,FL
241,user241@example.com,Bob,Brown,2025-05-04T23:55:52.378568,US,IL
242,user242@example.com,John,Johnson,2025-03-19T23:55:52.378576,CA,NY
243,user243@example.com,Diana,Smith,2025-06-28T23:55:52.378585,US,OH
244,user244@example.com,Diana,Smith,2025-06-23T23:55:52.378594,UK,PA
245,user245@example.com,Bob,Smith,2026-01-13T23:55:52.378603,CA,OH
246,user246@example.com,John,Williams,2025-08-06T23:55:52.378613,CA,FL
247,user247@example.com,Jane,Johnson,2025-05-10T23:55:52.378621,DE,IL
248,user248@example.com,Diana,Johnson,2025-11-10T23:55:52.378630,UK,CA
249,user249@example.com,Charlie,Brown,2025-03-25T23:55:52.378639,UK,FL
250,user250@example.com,Charlie,Johnson,2025-10-10T23:55:52.378648,DE,PA
251,user251@example.com,Bob,Brown,2025-09-28T23:55:52.378656,US,OH
252,user252@example.com,Alice,Williams,2025-02-24T23:55:52.378665,FR,NY
253,user253@example.com,John,Brown,2025-08-13T23:55:52.378673,FR,TX
254,user254@example.com,Diana,Brown,2025-02-17T23:55:52.378682,CA,FL
255,user255@example.com,Bob,Johnson,2025-07-24T23:55:52.378691,DE,CA
256,user256@example.com,Jane,Brown,2025-04-19T23:55:52.378699,CA,IL
257,user257@example.com,Bob,Williams,2026-01-25T23:55:52.378708,DE,TX
258,user258@example.com,John,Jones,2025-02-19T23:55:52.378717,US,IL
259,user259@example.com,Diana,Brown,2025-09-12T23:55:52.378726,UK,IL
260,user260@example.com,Bob,Johnson,2025-03-17T23:55:52.378736,UK,IL
261,user261@example.com,Bob,Johnson,2025-03-21T23:55:52.378745,US,PA
262,user262@example.com,Diana,Smith,2025-08-31T23:55:52.378756,DE,CA
263,user263@example.com,Charlie,Williams,2025-11-30T23:55:52.378765,US,TX
264,user264@example.com,Bob,Brown,2025-11-08T23:55:52.378774,UK,NY
265,user265@example.com,Charlie,Williams,2025-05-10T23:55:52.378783,FR,TX
266,user266@example.com,Jane,Williams,2025-06-04T23:55:52.378815,CA,PA
267,user267@example.com,Bob,Smith,2025-06-11T23:55:52.378841,US,NY
268,user268@example.com,Jane,Brown,2025-04-26T23:55:52.378851,CA,CA
269,user269@example.com,Alice,Smith,2025-09-23T23:55:52.378860,FR,CA
270,user270@example.com,Alice,Williams,2025-02-26T23:55:52.378869,CA,IL
271,user271@example.com,Alice,Williams,2025-12-12T23:55:52.378881,UK,FL
272,user272@example.com,John,Jones,2025-04-24T23:55:52.378890,CA,IL
273,user273@example.com,Jane,Smith,2025-03-17T23:55:52.378899,DE,PA
274,user274@example.com,Bob,Brown,2025-12-08T23:55:52.378908,UK,CA
275,user275@example.com,John,Williams,2025-05-29T23:55:52.378916,US,CA
276,user276@example.com,Jane,Jones,2025-11-28T23:55:52.378925,DE,FL
277,user277@example.com,Bob,Jones,2025-07-06T23:55:52.378934,FR,PA
278,user278@example.com,Diana,Johnson,2025-07-08T23:55:52.378942,US,OH
279,user279@example.com,Alice,Jones,2025-07-12T23:55:52.378951,CA,CA
280,user280@example.com,Diana,Williams,2025-10-17T23:55:52.378959,DE,FL
281,user281@example.com,Jane,Williams,2025-12-17T23:55:52.378968,CA,IL
282,user282@example.com,Diana,Williams,2026-01-05T23:55:52.378977,DE,TX
283,user283@example.com,Jane,Smith,2025-06-18T23:55:52.378985,US,PA
284,user284@example.com,Jane,Jones,2026-01-26T23:55:52.378995,US,OH
285,user285@example.com,Bob,Johnson,2025-12-03T23:55:52.379005,FR,NY
286,user286@example.com,John,Jones,2025-10-22T23:55:52.379014,FR,NY
287,user287@example.com,Jane,Williams,2025-11-22T23:55:52.379023,FR,CA
288,user288@example.com,Bob,Johnson,2025-12-01T23:55:52.379032,FR,TX
289,user289@example.com,Jane,Smith,2025-03-04T23:55:52.379041,US,NY
290,user290@example.com,John,Williams,2025-10-07T23:55:52.379049,FR,TX
291,user291@example.com,John,Johnson,2025-09-23T23:55:52.379058,US,NY
292,user292@example.com,Diana,Brown,2025-05-12T23:55:52.379066,US,PA
293,user293@example.com,John,Brown,2025-06-21T23:55:52.379075,CA,IL
294,user294@example.com,Charlie,Smith,2025-06-19T23:55:52.379083,FR,NY
295,user295@example.com,Charlie,Smith,2025-03-05T23:55:52.379091,FR,TX
296,user296@example.com,Alice,Smith,2026-01-05T23:55:52.379103,DE,OH
297,user297@example.com,Alice,Brown,2025-02-19T23:55:52.379112,US,FL
298,user298@example.com,Diana,Brown,2025-12-30T23:55:52.379121,US,TX
299,user299@example.com,Charlie,Johnson,2026-01-03T23:55:52.379129,UK,TX
300,user300@example.com,Charlie,Jones,2025-05-01T23:55:52.379137,CA,FL
301,user301@example.com,Charlie,Jones,2025-09-08T23:55:52.379146,DE,IL
302,user302@example.com,Charlie,Brown,2025-12-17T23:55:52.379155,US,OH
303,user303@example.com,Diana,Jones,2025-10-18T23:55:52.379166,DE,FL
304,user304@example.com,Jane,Brown,2025-08-16T23:55:52.379175,DE,FL
305,user305@example.com,Alice,Smith,2025-08-29T23:55:52.379185,DE,TX
306,user306@example.com,Diana,Williams,2025-07-29T23:55:52.379194,UK,PA
307,user307@example.com,Alice,Smith,2025-12-21T23:55:52.379202,US,CA
308,user308@example.com,Alice,Smith,2025-07-30T23:55:52.379211,UK,IL
309,user309@example.com,John,Jones,2025-04-24T23:55:52.379220,FR,TX
310,user310@example.com,Diana,Smith,2025-07-10T23:55:52.379229,CA,OH
311,user311@example.com,Diana,Brown,2026-01-10T23:55:52.379238,CA,IL
312,user312@example.com,Bob,Williams,2025-12-14T23:55:52.379247,FR,IL
313,user313@example.com,Jane,Johnson,2025-03-06T23:55:52.379255,DE,NY
314,user314@example.com,John,Williams,2025-04-27T23:55:52.379266,CA,CA
315,user315@example.com,Bob,Jones,2025-10-13T23:55:52.379275,DE,OH
316,user316@example.com,Charlie,Jones,2025-03-28T23:55:52.379284,FR,CA
317,user317@example.com,Charlie,Williams,2026-01-22T23:55:52.379293,UK,TX
318,user318@example.com,Diana,Williams,2025-08-16T23:55:52.379302,CA,CA
319,user319@example.com,Jane,Johnson,2025-04-22T23:55:52.379310,DE,CA
320,user320@example.com,Jane,Smith,2025-12-21T23:55:52.379319,FR,NY
321,user321@example.com,Alice,Brown,2025-06-18T23:55:52.379328,CA,NY
322,user322@example.com,Bob,Williams,2025-08-23T23:55:52.379336,FR,IL
323,user323@example.com,John,Smith,2025-11-18T23:55:52.379345,UK,OH
324,user324@example.com,Charlie,Smith,2025-02-25T23:55:52.379355,US,TX
325,user325@example.com,Alice,Brown,2025-06-02T23:55:52.379364,FR,FL
326,user326@example.com,Alice,Williams,2025-10-18T23:55:52.379372,FR,CA
327,user327@example.com,Bob,Brown,2025-12-11T23:55:52.379381,CA,PA
328,user328@example.com,Diana,Jones,2025-06-01T23:55:52.379389,FR,PA
329,user329@example.com,Bob,Smith,2025-10-16T23:55:52.379397,DE,IL
330,user330@example.com,John,Smith,2025-10-24T23:55:52.379406,CA,NY
331,user331@example.com,Jane,Williams,2025-09-10T23:55:52.379415,CA,CA
332,user332@example.com,John,Brown,2025-06-30T23:55:52.379423,UK,NY
333,user333@example.com,Alice,Jones,2025-02-10T23:55:52.379431,UK,IL
334,user334@example.com,Charlie,Williams,2025-12-31T23:55:52.379440,DE,OH
335,user335@example.com,Diana,Smith,2025-06-27T23:55:52.379451,US,FL
336,user336@example.com,John,Williams,2025-04-17T23:55:52.379459,DE,IL
337,user337@example.com,Alice,Brown,2025-09-10T23:55:52.379468,US,FL
338,user338@example.com,John,Williams,2025-11-10T23:55:52.379477,FR,FL
339,user339@example.com,Diana,Williams,2025-12-22T23:55:52.379485,DE,OH
340,user340@example.com,John,Johnson,2025-06-27T23:55:52.379494,FR,FL
341,user341@example.com,Charlie,Smith,2025-07-18T23:55:52.379502,CA,PA
342,user342@example.com,Bob,Johnson,2025-08-19T23:55:52.379510,UK,CA
343,user343@example.com,Charlie,Smith,2025-05-10T23:55:52.379519,FR,NY
344,user344@example.com,Bob,Williams,2025-03-12T23:55:52.379530,UK,NY
345,user345@example.com,John,Johnson,2025-09-27T23:55:52.379539,UK,NY
346,user346@example.com,Charlie,Johnson,2025-03-07T23:55:52.379547,US,NY
347,user347@example.com,Diana,Brown,2025-06-13T23:55:52.379556,FR,OH
348,user348@example.com,Charlie,Brown,2025-02-22T23:55:52.379565,FR,PA
349,user349@example.com,Diana,Jones,2025-08-24T23:55:52.379574,CA,NY
350,user350@example.com,Alice,Smith,2025-06-10T23:55:52.379582,DE,PA
351,user351@example.com,Bob,Williams,2025-04-09T23:55:52.379591,US,TX
352,user352@example.com,Charlie,Smith,2025-08-31T23:55:52.379599,DE,FL
353,user353@example.com,John,Smith,2025-08-01T23:55:52.379607,CA,CA
354,user354@example.com,Diana,Smith,2025-03-28T23:55:52.379618,FR,IL
355,user355@example.com,Alice,Brown,2025-04-14T23:55:52.379627,FR,OH
356,user356@example.com,Diana,Smith,2025-06-20T23:55:52.379635,FR,PA
357,user357@example.com,Jane,Williams,2025-04-02T23:55:52.379644,DE,IL
358,user358@example.com,Jane,Smith,2025-06-20T23:55:52.379653,US,OH
359,user359@example.com,Bob,Smith,2025-05-23T23:55:52.379662,UK,CA
360,user360@example.com,Jane,Brown,2025-06-26T23:55:52.379670,FR,IL
361,user361@example.com,Charlie,Johnson,2025-08-03T23:55:52.379679,CA,TX
362,user362@example.com,Alice,Brown,2025-08-16T23:55:52.379687,FR,CA
363,user363@example.com,Diana,Williams,2026-01-03T23:55:52.379698,CA,CA
364,user364@example.com,Charlie,Brown,2025-09-13T23:55:52.379709,CA,PA
365,user365@example.com,Diana,Jones,2025-11-21T23:55:52.379718,CA,CA
366,user366@example.com,Charlie,Johnson,2025-08-10T23:55:52.379726,CA,PA
367,user367@example.com,Diana,Brown,2025-12-01T23:55:52.379737,FR,PA
368,user368@example.com,John,Williams,2025-04-25T23:55:52.379746,DE,PA
369,user369@example.com,Bob,Johnson,2025-02-27T23:55:52.379755,FR,CA
370,user370@example.com,Diana,Brown,2025-05-21T23:55:52.379764,CA,CA
371,user371@example.com,Bob,Williams,2025-11-05T23:55:52.379773,UK,TX
372,user372@example.com,Alice,Johnson,2025-10-13T23:55:52.379800,UK,NY
373,user373@example.com,John,Williams,2025-12-16T23:55:52.379810,FR,OH
374,user374@example.com,Charlie,Jones,2026-01-17T23:55:52.379836,CA,OH
375,user375@example.com,Charlie,Johnson,2025-04-06T23:55:52.379845,DE,NY
376,user376@example.com,Jane,Johnson,2025-02-16T23:55:52.379853,FR,OH
377,user377@example.com,Jane,Brown,2026-01-14T23:55:52.379862,DE,TX
378,user378@example.com,Diana,Johnson,2025-06-23T23:55:52.379871,FR,TX
379,user379@example.com,Diana,Brown,2025-10-09T23:55:52.379880,FR,NY
380,user380@example.com,Bob,Brown,2025-10-29T23:55:52.379888,CA,PA
381,user381@example.com,Charlie,Brown,2025-06-14T23:55:52.379897,CA,OH
382,user382@example.com,Alice,Jones,2025-05-11T23:55:52.379906,DE,NY
383,user383@example.com,Jane,Jones,2025-11-27T23:55:52.379917,CA,CA
384,user384@example.com,Diana,Brown,2025-07-30T23:55:52.379925,FR,CA
385,user385@example.com,Diana,Jones,2025-12-04T23:55:52.379934,CA,CA
386,user386@example.com,Jane,Williams,2025-06-20T23:55:52.379943,FR,NY
387,user387@example.com,Alice,Smith,2025-10-15T23:55:52.379952,DE,TX
388,user388@example.com,John,Brown,2026-01-09T23:55:52.379961,DE,IL
389,user389@example.com,Bob,Johnson,2025-07-23T23:55:52.379969,US,TX
390,user390@example.com,Jane,Smith,2025-08-26T23:55:52.379977,US,OH
391,user391@example.com,Diana,Williams,2025-11-23T23:55:52.379986,UK,CA
392,user392@example.com,Bob,Brown,2025-02-14T23:55:52.379995,UK,OH
393,user393@example.com,Diana,Brown,2025-06-21T23:55:52.380003,FR,CA
394,user394@example.com,John,Smith,2025-09-27T23:55:52.380012,UK,OH
395,user395@example.com,Jane,Jones,2025-03-31T23:55:52.380020,FR,FL
396,user396@example.com,John,Williams,2025-10-07T23:55:52.380029,CA,CA
397,user397@example.com,John,Johnson,2025-07-06T23:55:52.380037,FR,FL
398,user398@example.com,John,Smith,2025-05-26T23:55:52.380048,FR,IL
399,user399@example.com,John,Jones,2025-04-17T23:55:52.380057,UK,PA
400,user400@example.com,Jane,Williams,2025-07-01T23:55:52.380065,US,IL
401,user401@example.com,Bob,Johnson,2025-04-19T23:55:52.380073,DE,NY
402,user402@example.com,Diana,Smith,2025-05-13T23:55:52.380106,CA,CA
403,user403@example.com,Charlie,Jones,2025-05-22T23:55:52.380115,FR,IL
404,user404@example.com,John,Brown,2025-06-10T23:55:52.380124,US,PA
405,user405@example.com,Alice,Williams,2025-09-29T23:55:52.380133,US,TX
406,user406@example.com,John,Williams,2025-10-05T23:55:52.380141,US,OH
407,user407@example.com,Charlie,Williams,2025-11-29T23:55:52.380150,US,TX
408,user408@example.com,Charlie,Williams,2025-03-13T23:55:52.380159,UK,OH
409,user409@example.com,Diana,Brown,2025-02-14T23:55:52.380167,DE,PA
410,user410@example.com,Jane,Johnson,2026-01-04T23:55:52.380176,DE,CA
411,user411@example.com,Bob,Johnson,2026-01-14T23:55:52.380185,UK,CA
412,user412@example.com,Bob,Williams,2025-05-18T23:55:52.380194,DE,OH
413,user413@example.com,Charlie,Brown,2025-09-29T23:55:52.380203,US,OH
414,user414@example.com,Diana,Johnson,2025-09-12T23:55:52.380211,CA,OH
415,user415@example.com,John,Williams,2025-09-19T23:55:52.380222,US,OH
416,user416@example.com,Bob,Brown,2025-07-16T23:55:52.380230,DE,FL
417,user417@example.com,Bob,Johnson,2025-05-27T23:55:52.380240,DE,TX
418,user418@example.com,Charlie,Williams,2025-12-25T23:55:52.380249,DE,CA
419,user419@example.com,Alice,Jones,2025-11-05T23:55:52.380257,FR,TX
420,user420@example.com,Bob,Smith,2025-12-27T23:55:52.380266,CA,PA
421,user421@example.com,Bob,Williams,2025-06-22T23:55:52.380274,FR,PA
422,user422@example.com,Alice,Johnson,2025-02-17T23:55:52.380286,DE,TX
423,user423@example.com,Alice,Smith,2025-08-09T23:55:52.380295,FR,FL
424,user424@example.com,Bob,Smith,2025-12-29T23:55:52.380305,DE,TX
425,user425@example.com,Charlie,Johnson,2026-01-21T23:55:52.380314,UK,OH
426,user426@example.com,Charlie,Brown,2026-01-19T23:55:52.380323,UK,CA
427,user427@example.com,Jane,Williams,2025-08-04T23:55:52.380332,DE,IL
428,user428@example.com,John,Jones,2025-11-19T23:55:52.380340,DE,TX
429,user429@example.com,Bob,Brown,2025-12-28T23:55:52.380349,FR,NY
430,user430@example.com,Charlie,Williams,2025-07-17T23:55:52.380360,CA,PA
431,user431@example.com,Bob,Johnson,2025-12-09T23:55:52.380368,US,PA
432,user432@example.com,Jane,Brown,2025-05-16T23:55:52.380376,DE,IL
433,user433@example.com,John,Williams,2025-09-25T23:55:52.380385,DE,NY
434,user434@example.com,Charlie,Williams,2025-02-15T23:55:52.380394,DE,NY
435,user435@example.com,John,Johnson,2025-12-30T23:55:52.380403,DE,NY
436,user436@example.com,Diana,Brown,2025-12-23T23:55:52.380412,CA,PA
437,user437@example.com,Bob,Smith,2025-04-30T23:55:52.380421,FR,TX
438,user438@example.com,Bob,Johnson,2025-02-06T23:55:52.380430,UK,OH
439,user439@example.com,Bob,Jones,2025-10-14T23:55:52.380439,US,NY
440,user440@example.com,Jane,Johnson,2025-05-29T23:55:52.380448,US,TX
441,user441@example.com,Charlie,Jones,2025-08-01T23:55:52.380458,DE,OH
442,user442@example.com,Charlie,Johnson,2025-03-29T23:55:52.380468,US,CA
443,user443@example.com,Bob,Brown,2025-06-05T23:55:52.380476,FR,FL
444,user444@example.com,Alice,Jones,2025-12-30T23:55:52.380485,UK,TX
445,user445@example.com,Diana,Smith,2025-06-20T23:55:52.380494,DE,PA
446,user446@example.com,Charlie,Williams,2025-12-02T23:55:52.380502,FR,PA
447,user447@example.com,Charlie,Johnson,2025-12-01T23:55:52.380511,DE,IL
448,user448@example.com,John,Smith,2025-05-16T23:55:52.380520,UK,TX
449,user449@example.com,Jane,Johnson,2025-08-24T23:55:52.380529,UK,TX
450,user450@example.com,Charlie,Williams,2025-12-27T23:55:52.380538,CA,NY
451,user451@example.com,Diana,Jones,2025-09-18T23:55:52.380547,UK,PA
452,user452@example.com,Bob,Jones,2025-05-08T23:55:52.380555,US,IL
453,user453@example.com,Diana,Johnson,2025-04-08T23:55:52.380564,FR,NY
454,user454@example.com,Jane,Jones,2025-04-02T23:55:52.380572,CA,OH
455,user455@example.com,Charlie,Smith,2026-01-22T23:55:52.380581,US,CA
456,user456@example.com,Diana,Jones,2025-09-23T23:55:52.380590,UK,OH
457,user457@example.com,Charlie,Brown,2025-03-26T23:55:52.380599,US,FL
458,user458@example.com,Diana,Jones,2025-09-10T23:55:52.380610,CA,FL
459,user459@example.com,Jane,Brown,2025-09-06T23:55:52.380619,DE,CA
460,user460@example.com,Diana,Smith,2025-11-17T23:55:52.380628,DE,FL
461,user461@example.com,Alice,Brown,2025-10-24T23:55:52.380638,CA,IL
462,user462@example.com,Jane,Williams,2025-08-26T23:55:52.380649,CA,FL
463,user463@example.com,Jane,Williams,2025-05-18T23:55:52.380658,FR,CA
464,user464@example.com,Bob,Johnson,2025-06-12T23:55:52.380667,US,TX
465,user465@example.com,Alice,Johnson,2025-11-25T23:55:52.380675,US,CA
466,user466@example.com,Bob,Brown,2025-03-27T23:55:52.380686,DE,NY
467,user467@example.com,Jane,Williams,2025-04-16T23:55:52.380695,CA,NY
468,user468@example.com,Jane,Brown,2025-05-18T23:55:52.380704,DE,FL
469,user469@example.com,Bob,Brown,2026-01-25T23:55:52.380713,US,FL
470,user470@example.com,Charlie,Brown,2025-10-05T23:55:52.380722,UK,IL
471,user471@example.com,Bob,Smith,2026-01-11T23:55:52.380730,CA,FL
472,user472@example.com,Charlie,Brown,2025-09-12T23:55:52.380739,FR,CA
473,user473@example.com,John,Brown,2025-11-29T23:55:52.380748,CA,PA
474,user474@example.com,Bob,Brown,2025-08-02T23:55:52.380756,US,FL
475,user475@example.com,John,Jones,2025-04-24T23:55:52.380765,UK,TX
476,user476@example.com,Charlie,Williams,2025-12-30T23:55:52.380773,DE,IL
477,user477@example.com,Alice,Jones,2025-09-15T23:55:52.380802,FR,PA
478,user478@example.com,Charlie,Smith,2025-12-02T23:55:52.380827,US,FL
479,user479@example.com,Bob,Williams,2025-04-26T23:55:52.380836,CA,OH
480,user480@example.com,Jane,Johnson,2025-04-03T23:55:52.380847,FR,FL
481,user481@example.com,Charlie,Smith,2026-01-13T23:55:52.380855,US,NY
482,user482@example.com,Diana,Williams,2025-06-08T23:55:52.380864,FR,FL
483,user483@example.com,Jane,Jones,2025-05-18T23:55:52.380872,UK,TX
484,user484@example.com,Charlie,Williams,2025-11-14T23:55:52.380881,DE,IL
485,user485@example.com,Diana,Williams,2025-04-08T23:55:52.380890,CA,IL
486,user486@example.com,Charlie,Jones,2025-05-31T23:55:52.380898,FR,TX
487,user487@example.com,Alice,Smith,2025-08-01T23:55:52.380907,CA,PA
488,user488@example.com,John,Brown,2025-04-13T23:55:52.380915,CA,OH
489,user489@example.com,Diana,Smith,2025-04-06T23:55:52.380924,DE,TX
490,user490@example.com,Diana,Jones,2025-04-16T23:55:52.380934,UK,PA
491,user491@example.com,John,Jones,2025-06-05T23:55:52.380942,UK,IL
492,user492@example.com,Diana,Jones,2025-07-26T23:55:52.380950,UK,OH
493,user493@example.com,Diana,Johnson,2026-01-20T23:55:52.380959,FR,PA
494,user494@example.com,John,Johnson,2026-01-27T23:55:52.380970,DE,TX
495,user495@example.com,Alice,Johnson,2025-07-09T23:55:52.380978,UK,FL
496,user496@example.com,Charlie,Jones,2025-06-09T23:55:52.380987,US,PA
497,user497@example.com,Jane,Jones,2025-10-22T23:55:52.380996,FR,TX
498,user498@example.com,Diana,Brown,2025-05-12T23:55:52.381005,DE,TX
499,user499@example.com,Jane,Brown,2025-05-09T23:55:52.381013,CA,IL
500,user500@example.com,Bob,Williams,2025-03-30T23:55:52.381025,DE,NY
